model,prompt,top-1,top-2,top-3,top-4,top-5,F1,ROC-AUC,PR-AUC
music_speech_laion_clap,muscall_prompt,0.4963954685890834,0.7384140061791967,0.8530724339169241,0.9128046687263989,0.9464469618949537,0.4768586557867061,0.883046146983452,0.3856946062887602
music_speech_laion_clap,definition,0.3367662203913491,0.5526948163405424,0.6920700308959835,0.7785787847579815,0.8644009612083763,0.2929458121986017,0.8949842588614062,0.39549518091390023
music_speech_laion_clap,definition_no_label_word,0.16855475454857535,0.32681084792310333,0.3666323377960865,0.4291108822519739,0.5193958118777893,0.09806047299877971,0.717934163418339,0.1793432935614218
music_speech_laion_clap,label_random_context,0.2705115001716443,0.49261929282526606,0.6021283899759697,0.7064881565396498,0.7984895296944731,0.23066417216755894,0.8840573293993909,0.40076395025346273
music_speech_laion_clap,negative_muscall_prompts,0.3141091658084449,0.4788877445932029,0.6446961894953656,0.7552351527634741,0.8012358393408857,0.2804844224488561,0.8097728096754361,0.2633715720374943
music_speech_laion_clap,solo_musical_instrument_sound_of,0.43220048060418814,0.6374871266735325,0.7318915207689667,0.7991761071060762,0.86302780638517,0.4209579766371,0.8968921949636589,0.38805872139868747
music_speech_laion_clap,this_is_a_recording_of,0.433916924133196,0.6961894953656025,0.7902506007552351,0.848266392035702,0.891520768966701,0.4415723275056898,0.9126241005890899,0.45509241601170297
