model,prompt,top-1,top-2,top-3,top-4,top-5,F1,ROC-AUC,PR-AUC
music_laion_clap,muscall_prompt,0.4527978029522829,0.644352900789564,0.789564023343632,0.8716100240302094,0.9289392378990731,0.4206911144602659,0.8759515670318411,0.43885024019232716
music_laion_clap,definition,0.4160659114315139,0.7408170271198078,0.8650875386199794,0.9234466186062479,0.9491932715413662,0.4250111243293456,0.9202245953716217,0.5009575251813609
music_laion_clap,definition_no_label_word,0.1874356333676622,0.32028836251287335,0.39752832131822863,0.47579814624098865,0.5406797116374872,0.11023810661118363,0.7469229759651312,0.20687469754862287
music_laion_clap,label_random_context,0.33813937521455545,0.5667696532784071,0.6773086165465156,0.7689667009955372,0.8218331616889805,0.27551790997305126,0.8818388066425334,0.4394440146012702
music_laion_clap,negative_muscall_prompts,0.24613800205973224,0.4648129076553381,0.596292481977343,0.6766220391349125,0.7555784414692757,0.1760471452377286,0.7663613108803586,0.2829785301094819
music_laion_clap,solo_musical_instrument_sound_of,0.24648129076553382,0.46755921730175076,0.6975626501888088,0.7912804668726399,0.8516992790937178,0.2619248893158481,0.8549793833458221,0.3835149022640364
music_laion_clap,this_is_a_recording_of,0.45760384483350497,0.6560247167868177,0.7813250944043941,0.8626845176793684,0.9196704428424305,0.4224037113398898,0.939444841830978,0.5582620036784764
