model,top-1,top-2,top-3,top-4,top-5,F1,ROC-AUC,PR-AUC
muscall,joint_space,0.4768280123583934,0.6563680054926193,0.7356676965327841,0.7929969104016478,0.852385856505321,0.4786223266542094,0.7161862752901601,0.27359848826337047
muscall,pre_joint,0.483693786474425,0.6515619636113972,0.7329213868863714,0.7950566426364573,0.8499828355647099,0.48330643392577294,0.7210654285871225,0.27946752165185235
