model,top-1,top-2,top-3,top-4,top-5,F1,ROC-AUC,PR-AUC
music_speech_laion_clap,joint_space,0.8674905595605904,0.972193614830072,0.9897013388259527,0.9951939581187779,0.9962238242361826,0.8670944528957985,0.9725970070277352,0.7741656225940117
music_speech_laion_clap,pre_joint,0.8400274630964641,0.9618949536560247,0.9866117404737385,0.9914177823549605,0.9972536903535874,0.8399271047380977,0.9605870082257898,0.6870013396758712
