model,top-1,top-2,top-3,top-4,top-5,F1,ROC-AUC,PR-AUC
music_laion_clap,joint_space,0.8928939237899073,0.9800892550635084,0.99347751458977,0.9965671129419842,0.9975969790593889,0.8925584406051701,0.9805094465016556,0.8114976609813285
